create database doctor_management;
Query OK, 1 row affected (0.01 sec)

mysql> use doctor_management;
Database changed
mysql> CREATE TABLE specialties (
    ->     specialty_id INT PRIMARY KEY AUTO_INCREMENT,
    ->     specialty_name VARCHAR(100) UNIQUE NOT NULL
    -> );
Query OK, 0 rows affected (0.04 sec)

mysql> CREATE TABLE doctors (
    ->     doctor_id INT PRIMARY KEY AUTO_INCREMENT,
    ->     doctor_name VARCHAR(100) NOT NULL,
    ->     contact VARCHAR(15),
    ->     consultation_fee DECIMAL(10,2),
    ->     specialty_id INT,
    ->     is_active BOOLEAN DEFAULT TRUE,
    ->
    ->     FOREIGN KEY (specialty_id) REFERENCES specialties(specialty_id)
    -> );
Query OK, 0 rows affected (0.03 sec)

mysql> INSERT INTO specialties (specialty_name) VALUES
    -> ('Cardiology'),
    -> ('Dermatology'),
    -> ('Neurology'),
    -> ('Orthopedics'),
    -> ('Pediatrics');
Query OK, 5 rows affected (0.06 sec)
Records: 5  Duplicates: 0  Warnings: 0

mysql> INSERT INTO doctors
    -> (doctor_name, contact, consultation_fee, specialty_id, is_active)
    -> VALUES
    -> ('Dr. Amit Kumar', '9998887776', 800, 1, TRUE),
    -> ('Dr. Neha Singh', '8887776665', 600, 2, TRUE),
    -> ('Dr. Rajesh Verma', '7776665554', 1000, 3, TRUE),
    -> ('Dr. Pooja Mehta', '6665554443', 700, 4, TRUE),
    -> ('Dr. Anil Sharma', '5554443332', 500, 5, TRUE);
Query OK, 5 rows affected (0.01 sec)
Records: 5  Duplicates: 0  Warnings: 0

mysql> CREATE TABLE doctor_schedule (
    ->     schedule_id INT PRIMARY KEY AUTO_INCREMENT,
    ->     doctor_id INT,
    ->     available_day VARCHAR(20),
    ->     start_time TIME,
    ->     end_time TIME,
    ->
    ->     FOREIGN KEY (doctor_id) REFERENCES doctors(doctor_id)
    -> );
Query OK, 0 rows affected (0.03 sec)

mysql> START TRANSACTION;
Query OK, 0 rows affected (0.00 sec)

mysql>
mysql> UPDATE doctors
    -> SET specialty_id = 2
    -> WHERE doctor_id = 1;
Query OK, 1 row affected (0.00 sec)
Rows matched: 1  Changed: 1  Warnings: 0

mysql>
mysql> COMMIT;
Query OK, 0 rows affected (0.00 sec)

mysql> SELECT
    ->     d.doctor_name,
    ->     d.consultation_fee,
    ->     ds.available_day,
    ->     ds.start_time,
    ->     ds.end_time
    -> FROM doctors d
    -> JOIN specialties s ON d.specialty_id = s.specialty_id
    -> LEFT JOIN doctor_schedule ds ON d.doctor_id = ds.doctor_id
    -> WHERE s.specialty_name = 'Cardiology'
    -> AND d.is_active = TRUE;
Empty set (0.00 sec)

mysql> UPDATE doctors
    -> SET is_active = FALSE
    -> WHERE doctor_id = 1;
Query OK, 1 row affected (0.01 sec)
Rows matched: 1  Changed: 1  Warnings: 0

mysql> SHOW TABLES;
+-----------------------------+
| Tables_in_doctor_management |
+-----------------------------+
| doctor_schedule             |
| doctors                     |
| specialties                 |
+-----------------------------+
3 rows in set (0.01 sec)

mysql>
mysql> SELECT * FROM specialties;
+--------------+----------------+
| specialty_id | specialty_name |
+--------------+----------------+
|            1 | Cardiology     |
|            2 | Dermatology    |
|            3 | Neurology      |
|            4 | Orthopedics    |
|            5 | Pediatrics     |
+--------------+----------------+
5 rows in set (0.00 sec)

mysql> SELECT * FROM doctors;
+-----------+------------------+------------+------------------+--------------+-----------+
| doctor_id | doctor_name      | contact    | consultation_fee | specialty_id | is_active |
+-----------+------------------+------------+------------------+--------------+-----------+
|         1 | Dr. Amit Kumar   | 9998887776 |           800.00 |            2 |         0 |
|         2 | Dr. Neha Singh   | 8887776665 |           600.00 |            2 |         1 |
|         3 | Dr. Rajesh Verma | 7776665554 |          1000.00 |            3 |         1 |
|         4 | Dr. Pooja Mehta  | 6665554443 |           700.00 |            4 |         1 |
|         5 | Dr. Anil Sharma  | 5554443332 |           500.00 |            5 |         1 |
+-----------+------------------+------------+------------------+--------------+-----------+
5 rows in set (0.00 sec)

mysql> SELECT * FROM doctor_schedule;
Empty set (0.00 sec)